{"stat.walkOneCm":61023,"achievement.openInventory":9,"stat.craftItem.minecraft.planks":24,"stat.pickup.minecraft.stick":8,"stat.horseOneCm":35828,"stat.leaveGame":5,"stat.damageTaken":590,"stat.pickup.minecraft.feather":10,"stat.craftItem.minecraft.crafting_table":1,"stat.mineBlock.minecraft.red_flower":1,"stat.mineBlock.minecraft.log":1,"stat.pickup.minecraft.log2":10,"stat.talkedToVillager":2,"stat.pickup.minecraft.planks":78,"stat.pickup.minecraft.log":2,"stat.flyOneCm":16523,"stat.deaths":4,"stat.drop":1,"stat.jump":134,"stat.swimOneCm":36,"stat.playOneMinute":15856,"stat.fallOneCm":4071,"stat.climbOneCm":1019,"stat.pickup.minecraft.red_flower":4,"achievement.buildWorkBench":1,"stat.sneakTime":16,"stat.drop.minecraft.planks":1,"stat.damageDealt":195,"stat.crouchOneCm":119,"stat.timeSinceDeath":2977,"achievement.mineWood":6,"stat.pickup.minecraft.dirt":16,"stat.useItem.minecraft.dirt":1,"stat.sprintOneCm":11889,"stat.useItem.minecraft.stone_slab2":1,"stat.entityKilledBy.vampirism.vampire":1,"achievement.exploreAllBiomes":{"value":0,"progress":["River","Plains","Desert","Savanna"]},"stat.mineBlock.minecraft.tallgrass":2,"stat.diveOneCm":2962,"stat.craftItem.minecraft.stick":4,"stat.craftingTableInteraction":1}