{"stat.chestOpened":5,"stat.walkOneCm":100041,"stat.pickup.minecraft.stick":11,"stat.horseOneCm":35828,"stat.pickup.minecraft.diamond_pickaxe":1,"stat.leaveGame":5,"stat.craftItem.minecraft.crafting_table":1,"stat.furnaceInteraction":1,"stat.talkedToVillager":2,"stat.pickup.minecraft.log":4,"stat.swimOneCm":36,"stat.jump":296,"stat.fallOneCm":11128,"stat.climbOneCm":1019,"stat.pickup.minecraft.iron_ingot":5,"achievement.buildWorkBench":1,"stat.drop.minecraft.planks":1,"stat.pickup.minecraft.stone":4,"stat.crouchOneCm":204,"achievement.mineWood":8,"stat.pickup.minecraft.dirt":20,"stat.useItem.minecraft.dirt":2,"stat.sprintOneCm":48207,"stat.useItem.minecraft.stone_slab2":4,"stat.pickup.vampirism.vampire_fang":1,"achievement.exploreAllBiomes":{"value":0,"progress":["Savanna Plateau","River","Plains","Desert","Savanna"]},"stat.craftItem.minecraft.stick":4,"stat.craftingTableInteraction":5,"achievement.openInventory":23,"stat.craftItem.minecraft.planks":24,"stat.mineBlock.minecraft.glass_pane":1,"stat.damageTaken":704,"stat.pickup.minecraft.feather":12,"stat.useItem.minecraft.diamond_pickaxe":48,"stat.pickup.minecraft.bread":8,"stat.mineBlock.minecraft.red_flower":1,"stat.pickup.minecraft.cobblestone":90,"stat.pickup.minecraft.saddle":1,"stat.mineBlock.minecraft.log":3,"stat.pickup.minecraft.log2":10,"stat.pickup.minecraft.planks":97,"stat.pickup.vampirism.item_tent":2,"stat.flyOneCm":49769,"stat.deaths":5,"stat.drop":1,"stat.pickup.minecraft.wheat_seeds":1,"achievement.buildPickaxe":1,"stat.playOneMinute":27556,"stat.pickup.minecraft.red_flower":4,"stat.sneakTime":25,"stat.damageDealt":215,"stat.craftItem.minecraft.diamond_pickaxe":1,"achievement.buildBetterPickaxe":1,"stat.pickup.evilcraft.werewolf_flesh":1,"stat.pickup.minecraft.item_frame":1,"stat.timeSinceDeath":4233,"stat.mineBlock.minecraft.dirt":1,"stat.entityKilledBy.vampirism.vampire":1,"stat.mineBlock.minecraft.stone":47,"stat.mineBlock.minecraft.tallgrass":2,"stat.diveOneCm":2962}