{"stat.chestOpened":6,"stat.walkOneCm":112558,"stat.useItem.minecraft.torch":3,"stat.pickup.minecraft.stick":12,"stat.horseOneCm":35828,"stat.pickup.minecraft.diamond_pickaxe":1,"stat.leaveGame":6,"stat.craftItem.minecraft.crafting_table":1,"stat.furnaceInteraction":3,"stat.entityKilledBy.durahanzombiehead":1,"stat.talkedToVillager":4,"stat.craftItem.minecraft.coal":2,"stat.mineBlock.minecraft.sandstone":2,"stat.pickup.minecraft.log":4,"stat.swimOneCm":3290,"stat.jump":348,"stat.fallOneCm":12225,"stat.climbOneCm":1019,"stat.pickup.minecraft.iron_ingot":5,"achievement.buildWorkBench":1,"stat.craftItem.minecraft.stone_slab2":0,"stat.drop.minecraft.planks":1,"stat.pickup.minecraft.stone":4,"stat.crouchOneCm":236,"achievement.mineWood":8,"stat.craftItem.minecraft.torch":8,"stat.pickup.minecraft.dirt":23,"stat.useItem.minecraft.dirt":2,"stat.sprintOneCm":54671,"stat.useItem.minecraft.stone_slab2":4,"stat.pickup.vampirism.vampire_fang":1,"achievement.exploreAllBiomes":{"value":0,"progress":["Savanna Plateau","River","Plains","Desert","Savanna"]},"stat.craftItem.minecraft.stick":4,"stat.craftingTableInteraction":5,"stat.pickup.minecraft.rotten_flesh":1,"achievement.openInventory":28,"stat.craftItem.minecraft.planks":24,"stat.mineBlock.minecraft.glass_pane":1,"stat.damageTaken":786,"stat.pickup.minecraft.feather":12,"stat.killEntity.Husk":1,"stat.useItem.minecraft.diamond_pickaxe":60,"stat.pickup.minecraft.bread":8,"stat.mineBlock.minecraft.red_flower":1,"stat.mineBlock.minecraft.torch":1,"stat.pickup.minecraft.cobblestone":90,"stat.pickup.minecraft.saddle":1,"stat.mobKills":1,"stat.mineBlock.minecraft.log":3,"stat.pickup.minecraft.log2":10,"stat.pickup.minecraft.planks":97,"stat.pickup.vampirism.item_tent":2,"stat.flyOneCm":56699,"stat.deaths":6,"stat.pickup.minecraft.sandstone":2,"stat.drop":1,"stat.pickup.minecraft.wheat_seeds":7,"achievement.buildPickaxe":1,"stat.playOneMinute":30846,"stat.pickup.minecraft.torch":1,"stat.pickup.minecraft.red_flower":4,"stat.sneakTime":40,"stat.damageDealt":548,"stat.craftItem.minecraft.diamond_pickaxe":1,"achievement.buildBetterPickaxe":1,"stat.pickup.evilcraft.werewolf_flesh":1,"stat.pickup.minecraft.item_frame":1,"stat.timeSinceDeath":786,"stat.mineBlock.minecraft.dirt":3,"stat.entityKilledBy.vampirism.vampire":1,"stat.mineBlock.minecraft.stone":47,"stat.mineBlock.minecraft.tallgrass":2,"stat.diveOneCm":4811}